retailer_id,mobile_number,market_name,agent_name,supervisor_name
2777,7901791754,????? ????/???????? BM,,
2795,7705106480,????? ??????? CDA/ ???????? BM,,
2928,7702975071,????? ??? / ???????? BM,,
2828,7762244011,????? ??? ??????? CDA/ ???????? BM,,
2803,770267681,???? ????? ????? ??????/ ???????? BM,,
2896,7700416695,????? ????? / ???????? BM,,
2799,7771991370,????? ??? ???? CDA/ ???????? BM,,
2804,7717748957,??? ???? CDA/ ????????/??? ????? BM,,
2802,7702896718,????? ????? CDA /?????? BM,,
2800,7827156998,????? ?????? / ???????? BM,,
2806,7842154538,????? ???????? / ???????? BM,,
2791,7700499299,????? ?????? CDA/ ????????/???? ?????? BM,,
3345,7712226677,??? ??????? CDA/ ????????/???? ???? BM,,
2867,77866312776,??????? ???/ ???????? BM,,
2937,7902526411,????? ???? / ???????? BM,,
2843,7712227985,????? ???? / ????????,,
2869,7901264563,????? ?????? / ????????,,
2846,7834126561,????? ???? / ???????? BM,,
2772,7700811444,?????? ????? CDA / ???????? BM,,
2998,7703503781,????? ??? ?????? / ???????? BM,,
2775,7880433000,????? ?????? / ???????? BM,,
2887,7904957288,????? CDA / ???????? BM,,
2888,7901296572,????? ??? ????? / ???????? BM,,
2935,7727644542,????? ?? / ???????? BM,,
2886,7904735729,????? ??????? CDA /???? BM,,
2771,7716145751,????? ?????/ ???????? BM,,
2862,7815409209,??? ????? / ???????? BM,,
3020,7700070540,????? ?????? / ????? ???????? BM,,
2857,7809683582,???? ????? ?????? / ???????? BM,,
2841,7715217284,????? ?????? CDA/ ???????? BM,,
2834,7707175888,????? ????? CDA/ ???????? BM,,
2817,7715861915,????? ??????? CDA/ ???????? BM,,
2849,7802274536,????????? ???????,,
2904,7800667729,????? ??? ???? / ???????? BM,,
2924,7819979070,???? ?????? ?????? / ???????? BM,,
2864,7723635445,????? ???? ????/ ???????? BM,,
2866,7808054021,????? ????? ?????? CDA / ???????? BM,,
2906,7826696089,????? ??? / ???????? BM,,
2824,7901726516,????? ???? / ??????? BM,,
2916,7735530569,????? ????? / ??????? BM,,
2783,7864931247,????? ?????? / ???????? BM,,
2786,7711459526,????? ???? ??? / ???????? BM,,
2854,7735710911,????? ?????? / ?????? CDA BM,,
2877,7705078910,????? ?????? BM,,
2779,7747075115,??? ????????- ????? / ?????? CDA BM,,
2879,7716995507,????? ????/?????? CDA BM,,
2872,7708627187,?????/ ?????? BM,,
2875,7708816355,????/ ??????? ?????? # CDA BM,,
2870,7701109201,????? ???? / ??? ????? CDA BM,,
2938,7904358542,????? ??????? - ??? / ?????? ???? CDA BM,,
2837,7705802070,????? ??????,,
2881,7826454807,????? ???? / ????,,
2885,7843578776,???? ?????,,
3006,770875570,????? ?????? ??????,,
2993,7832769811,????? ??? ???? / ??????? CDA,,
3170,7858909080,????? ?? ?????,,
2790,7759430178,????? ??????? CDA/ ??????/???????? BM,,
2990,7704013968,????? ????? /????????CDA BM,,
2962,7715870449,????? ????????1 / ???????? BM,,
2973,7729165575,????? ?????? CDA / ???? ??????? BM,,
2965,7763724719,????? ???/ ?????? BM,,
2957,7704088200,????? ??? ?????? / ????????? BM,,
2955,7705923397,????? ????/????????? BM CDA,,
3013,7713391965,????? ??? 1 / ?????? CDA BM,,
2977,7713493241,??????? ????? / ?????? CDA BM,,
3001,7724604377,????? ???? ?????/???? ?????? CDA BM,,
3005,7881618180,??????? CDA - ?????? ??????? BM,,
3009,7716670917,????? ??? ????-??? ???/ ?????? cda BM,,
2999,7768421911,????? ??????? ?????/???? ?????? BM,,
2943,7765191119,????? ???????/???? ?????? BM,,
2946,7710128796,??? ???? / ?????? CDA BM,,
3017,7813526617,???? ??????? 1 / ???? ?????  CDA,,
3015,7864838157,????? ????? / ????????? CDA BM,,
2984,7712869869,????? ??? ???????? / ?????? CDA BM,,
2983,7773157178,??? ????? / ?????? BM,,
3016,7810572197,????? ??????? - ????? ???? ??????? - ????????? BM,,
2982,7708863397,????? ?????? - ???? ???? ???? / ?????? ? 60 CDA BM,,
3014,7905509910,????? ??? ???? / ?????? CDA BM,,
2798,7904791813,????? ???? / ?????? BM,,
3023,7713447364,????? ??????? / ?????? BM,,
3024,7728063152,????? ?????? / ?????? CDA BM,,
2988,7903425907,????? /?????? CDA BM,,
2981,7710331305,??? ???? CDA-??? ??? / ?????? BM,,
2987,7700858844,????? ????????/ ?????? CDA BM,,
2985,7711370427,????? ??? ????? / ???? ??????? CDA BM,,
3012,7713040936,????? ?????? / ?????? BM,,
2830,7755562728,????? ????/???? BM,,
3025,7750342426,???? ?????? ????????/ ???? CDA BM,,
2827,7700852978,????? ??? ???? cda BM,,
2839,7756443309,????? ??? / ???? BM,,
2833,7715873879,??? ????? / ???????/ ???????? CDA BM,,
2847,7727772392,????? ???? ??????? / ???????? CDA BM,,
2852,7722052223,????? ???/ ?????? CDA BM,,
2855,7716249683,????? ?????? / ???? CDA BM,,
2801,7902687299,??? ????? / ???? BM,,
2848,7702979130,????? ?? ?????? /???????? BM,,
3026,7727367472,????? ???????/ ???? BM,,
2821,7901287505,????? ?????/???? BM,,
2807,7901360074,????? ???? ??????? / ???? BM,,
2812,7709404144,???? / ???? cda BM,,
3028,7729039311,????? ?????? BM,,
2913,7726002046,????? ???? / ?????? cda * BM,,
3511,7734805397,??????? ?????? ???????/ ?????? ??????? * BM,,
2901,7901858072,????? ???? /???? 3 *BM,,
2894,7707226867,????? ??????? - ????? ??????? ????/ ??????3 * BM,,
2958,7721199889,????? ???? ???????/?????? ??????? CDA- BM,,
2909,7728162379,????? ??? ??????? / ?????? 3 * BM,,
2905,7763302662,????? ???/?????? ??????? * BM,,
2905,7763302662,????? ???/?????? ??????? * BM,,
2768,7746135788,????? ?????/ ??? ?????? * BM,,
2893,7713065644,????? ????? / ?????? ??????? CDA * BM,,
2979,7740635624,????? ???? - ???? ???? ??? ??? - ?????? BM,,
2966,7726139450,????? ???? ?????? /???? CDA * BM,,
2961,7901539312,????? ??????? - ??????? * BM,,
2970,7804040832,???? ???/ ?????? ??????? * BM,,
2977,7737358482,????? ??? ???????/???? ??????? BM,,
2972,7770894330,????? ???????? /?????? 2 * cda BM,,
2889,7724579815,????? ???? ??????? /??????2 * CDA BM,,
2890,7702831039,??? ????? / ?????? CDA * BM,,
2974,7731069487,????? ????? /????2 * BM,,
2976,7704207257,????? ???? ?????? / ???? ???????* BM,,
2945,7819047020,???? / ? ????? * BM,,
2918,7723979763,??????? / ? ????? BM,,
2948,7711345040,????? ???? ????????/??????? BM,,
2920,7716972280,????? ????? 2/ ?????? BM,,
2951,7904201025,????? ????? /????? BM,,
2930,7718223010,????? ????? 2 / ????? ?????? CDA * BM,,
2963,7806791950,????? ?????? /????? ?????? * BM,,
2960,7704201604,????? ??????? - ????? ??????* BM,,
2931,7770410517,????? ?????? - ???? /??? ?????? BM,,
2952,7706621344,????? ??????? / ??????? CDA* BM,,
2826,7721772357,????? ?????? ??????/ ??? ?????? BM,,
3516,7710358446,????? ??? ??????? / ??????3 * CDA BM,,
2788,7707017845,??? ??????? CDA/ ???? ?????? # BM,,
2785,7725925356,???? ?????/ ??? ?????? BM,,
2782,7801533464,????? ?? ?????? /???? 1 CDA BM,,
2773,7718988760,????? ????? / ??????1 BM,,
2816,7700494668,??? ????/ ???? ??? ????????* CDA BM,,
3519,7708173811,????? ???? / ?????? ??????? * CDA BM,,
2813,7709604405,?????? ?????? ????????/???? ??? ????????* BM,,
2944,7713265048,????? ??? ???? /?????? CDA BM,,
2947,7712316736,????? ?????2 / ???? ??? ???????? * BM,,
2950,7721100840,????? ????? - ??? ???? ???? - ?????? BM,,
2822,7706884766,????? ?????/??? ?????? *BM,,
2794,7735975198,????? ????/??? ?????? * BM,,
2968,7744552888,????? ???????? / ?? ?????? cda* BM,,
2809,7718622745,????? ?????? 2/ ?? ?????? * BM,,
2925,7779481020,????? ???? / ?? ?????? * BM,,
2923,7740777805,????? ??????? - ???? ???? ????/?? ?????? cda* MB,,
2967,7727481091,????? ??? ????? ??????? / ?? ?????? *#BM,,
2805,7724579817,????? ?????? 2 ?????? ??????? CDA/ ?????? ????? BM,,
2811,7763754137,????? ?????? / ?? ?????? # BM,,
2971,7733222374,????? ?????? / ???? ?????? # BM,,
2942,7780247604,????? ???????? /?? ?????? CDA # BM,,
2789,7704646049,????? ?????? / ???? ?????? *BM,,
2808,7736655402,????? ??? ???? / ???? ??????# BM,,
2902,7701708021,????? ??? CDA/ ????????? BM,,
2911,7714596248,??????? ??? CDA / ?????? BM,,
2897,7712122049,????? ???? CDA/ ????????/?????? BM,,
2907,7712342622,????? ?????/ ????????? BM,,
2900,7700612258,????? ?????? / ?????? BM,,
2895,7746531836,????? ?? ?????? CDA/ ??????? ?????? BM,,
2927,7827103138,????? ??? / ?? ????? CDA BM,,
2853,7818993267,????? ??? ??? /?????? BM,,
2787,7776615435,????? ??????? / ???????? CDA/???????? BM,,
2932,7882872648,????? ???? ???????/?? ????? BM,,
2921,7851008513,????? ?????/?? ????? BM,,
2929,7803832614,????? ??????? / ?? ????? BM,,
2919,7883571676,????? ????? - ??? ???? / ?? ????? BM,,
2860,7710213603,????? ??? /???????? BM,,
2856,7735257148,????? ????????/????????/?????? ??????? CDA BM,,
2840,7704334033,????? ????? ?? ?????? ????? ??????/????? ??????? cda BM,,
2912,7761600190,????? ??????? / ?????? CDA BM,,
2832,7707226826,????? ?????? / ?????? cda BM,,
2858,7902230398,????? ???????? / ?????? CDA BM,,
2835,7723292372,????? ???? ?????/????? ??????? CDA BM,,
2831,7700487192,????? ?????? / ?????? BM,,
2844,7783307248,????? ????? / ????????/???????? CDA,,
2838,7728502154,????? ????/ ?????? BM,,
2914,7716591518,????? ??????? / ??????,,
2796,7811256076,????? ???? /?????? BM,,
2781,7893806982,???? ?????? ??????? / ?? ????? BM,,
2769,7718855911,????? ????? ??? ???? / ???????? BM,,
2850,7814055135,????? ????? / ?? ????? CDA BM,,
2770,7906339170,????? ???? / ????? BM,,
2934,7803562104,????? ??????? /?????? BM,,
2792,7812302003,???? ????? ?????/ ???????? BM,,
2774,7718898655,????? ?????? /?? ????? BM,,
2975,7717773019,????? ????? - ??? / ????? CDA BM,,
2959,7881610437,????? ???? /??????? CDA BM,,
2969,7902242781,????? ??? ???? /??????? BM,,
2964,7901407490,??????? ??? ???? ?????? / ??????? BM,,
2956,7702913353,????? ?????? /????? BM,,
2953,7703708052,????? ???? /??????? BM,,
2949,7715583231,????? ?????? /???????BM,,
3043,7817474994,????? ????? / ???????? BM,,
