?,??? ??????,???????,???????,????,??? ??????,???
1,????? ????/???????? BM,????????,???? ???,???? ??? ,7901791754,2777
2,????? ??????? CDA/ ???????? BM,????????,???? ???,???? ??? ,7705106480,2795
3,????? ??? / ???????? BM,????????,???? ???,???? ???,7702975071,2928
4,????? ??? ??????? CDA/ ???????? BM,????????,???? ???,???? ??? ,7762244011,2828
5,???? ????? ????? ??????/ ???????? BM,????????,???? ???,???? ??? ,770267681,2803
6,????? ????? / ???????? BM,????????,???? ???,???? ??? ,7700416695,2896
7,????? ??? ???? CDA/ ???????? BM,????????,???? ???,???? ??? ,7771991370,2799
8,??? ???? CDA/ ????????/??? ????? BM,????????,???? ???,???? ??? ,7717748957,2804
9,????? ????? CDA /?????? BM,????????,???? ???,???? ??? ,7702896718,2802
10,????? ?????? / ???????? BM,????????,???? ???,???? ??? ,7827156998,2800
11,????? ???????? / ???????? BM,????????,???? ???,???? ??? ,7842154538,2806
12,????? ?????? CDA/ ????????/???? ?????? BM,????????,???? ???,???? ??? ,7700499299,2791
13,??? ??????? CDA/ ????????/???? ???? BM,????????,???? ???,???? ??? ,7712226677,3345
14,??????? ???/ ???????? BM,????????,???? ???,???? ??? ,77866312776,2867
15,????? ???? / ???????? BM,????????,???? ???,???? ??? ,7902526411,2937
16,????? ???? / ????????,????????,???? ???,???? ??? ,7712227985,2843
17,????? ?????? / ????????,????????,???? ???,???? ??? ,7901264563,2869
18,????? ???? / ???????? BM,????????,???? ???,???? ??? ,7834126561,2846
19,?????? ????? CDA / ???????? BM,????????,???? ???,???? ??? ,7700811444,2772
20,????? ??? ?????? / ???????? BM,????????,???? ???,???? ??? ,7703503781,2998
21,????? ?????? / ???????? BM,????????,???? ???,???? ??? ,7880433000,2775
22,????? CDA / ???????? BM,????????,???? ???,???? ??? ,7904957288,2887
25,????? ??? ????? / ???????? BM,????????,???? ???,???? ??? ,7901296572,2888
26,????? ?? / ???????? BM,????????,???? ???,???? ??? ,7727644542,2935
27,????? ??????? CDA /???? BM,????????,???? ???,???? ??? ,7904735729,2886
28,????? ?????/ ???????? BM,????????,???? ???,???? ??? ,7716145751,2771
29,??? ????? / ???????? BM,????????,???? ???,???? ??? ,7815409209,2862
30,????? ?????? / ????? ???????? BM,????????,???? ???,???? ??? ,7700070540,3020
31,???? ????? ?????? / ???????? BM,????????,???? ???,???? ??? ,7809683582,2857
32,????? ?????? CDA/ ???????? BM,????????,???? ???,???? ??? ,7715217284,2841
33,????? ????? CDA/ ???????? BM,????????,???? ???,???? ??? ,7707175888,2834
34,????? ??????? CDA/ ???????? BM,????????,???? ???,???? ??? ,7715861915,2817
35,????????? ???????,????????,???? ???,???? ??? ,7802274536,2849
36,????? ??? ???? / ???????? BM,????????,???? ???,???? ??? ,7800667729,2904
37,???? ?????? ?????? / ???????? BM,????????,???? ???,???? ??? ,7819979070,2924
39,????? ???? ????/ ???????? BM,????????,???? ???,???? ??? ,7723635445,2864
40,????? ????? ?????? CDA / ???????? BM,????????,???? ???,???? ??? ,7808054021,2866
41,????? ??? / ???????? BM,????????,???? ???,???? ??? ,7826696089,2906
42,????? ???? / ??????? BM,????????,???? ???,???? ??? ,7901726516,2824
43,????? ????? / ??????? BM,????????,???? ???,???? ??? ,7735530569,2916
44,????? ?????? / ???????? BM,????????,???? ???,???? ??? ,7864931247,2783
45,????? ???? ??? / ???????? BM,????????,???? ???,???? ??? ,7711459526,2786
46,????? ?????? / ?????? CDA BM,????,???? ???,???? ??? ,7735710911,2854
47,????? ?????? BM,????,???? ???,???? ??? ,7705078910,2877
48,??? ????????- ????? / ?????? CDA BM,????,???? ???,???? ??? ,7747075115,2779
49,????? ????/?????? CDA BM,????,???? ???,???? ??? ,7716995507,2879
50,?????/ ?????? BM,????,???? ???,???? ??? ,7708627187,2872
51,????/ ??????? ?????? # CDA BM,????,???? ???,???? ??? ,7708816355,2875
52,????? ???? / ??? ????? CDA BM,????,???? ???,???? ??? ,7701109201,2870
53,????? ??????? - ??? / ?????? ???? CDA BM,????,???? ???,???? ??? ,7904358542,2938
54,????? ??????,????????,???? ???,???? ??? ,7705802070,2837
55,????? ???? / ????,????????,???? ???,???? ??? ,7826454807,2881
56,???? ?????,????????,???? ??? ,???? ??? ,7843578776,2885
57,????? ?????? ??????,????????,???? ???,???? ??? ,770875570,3006
58,????? ??? ???? / ??????? CDA,????????,???? ???,???? ??? ,7832769811,2993
59,????? ?? ????? ,??????? ????,???? ??? ,???? ??? ,7858909080,3170
1,????? ??????? CDA/ ??????/???????? BM,????,???? ??? ??????,????,7759430178,2790
2,????? ????? /????????CDA BM,????,???? ??? ??????,????,7704013968,2990
3,????? ????????1 / ???????? BM,????,???? ??? ??????,????,7715870449,2962
4,????? ?????? CDA / ???? ??????? BM,????,???? ??? ??????,????,7729165575,2973
5,????? ???/ ?????? BM,????,???? ??? ??????,????,7763724719,2965
6,????? ??? ?????? / ????????? BM,????,???? ??? ??????,????,7704088200,2957
7,????? ????/????????? BM CDA,????,???? ??? ??????,????,7705923397,2955
8,????? ??? 1 / ?????? CDA BM,????,???? ??? ??????,????,7713391965,3013
9,??????? ????? / ?????? CDA BM,????,???? ??? ??????,????,7713493241,2977
10,????? ???? ?????/???? ?????? CDA BM,????,???? ??? ??????,????,7724604377,3001
11,??????? CDA - ?????? ??????? BM,????,???? ??? ??????,????,7881618180,3005
12,????? ??? ????-??? ???/ ?????? cda BM,????,???? ??? ??????,????,7716670917,3009
13,????? ??????? ?????/???? ?????? BM,????,???? ??? ??????,????,7768421911,2999
14,????? ???????/???? ?????? BM,????,???? ??? ??????,????,7765191119,2943
15,??? ???? / ?????? CDA BM,????,???? ??? ??????,????,7710128796,2946
16,???? ??????? 1 / ???? ?????  CDA,????,???? ???,????,7813526617,3017
17,????? ????? / ????????? CDA BM,????,???? ???,????,7864838157,3015
18,????? ??? ???????? / ?????? CDA BM,????,???? ???,????,7712869869,2984
19,??? ????? / ?????? BM,????,???? ???,????,7773157178,2983
20,????? ??????? - ????? ???? ??????? - ????????? BM,????,???? ???,????,7810572197,3016
21,????? ?????? - ???? ???? ???? / ?????? ? 60 CDA BM,????,???? ???,????,7708863397,2982
22,????? ??? ???? / ?????? CDA BM,????,???? ???,????,7905509910,3014
23,????? ???? / ?????? BM,????,???? ???,????,7904791813,2798
24,????? ??????? / ?????? BM,????,???? ???,????,7713447364,3023
25,????? ?????? / ?????? CDA BM,????,???? ???,????,7728063152,3024
26,????? /?????? CDA BM,????,???? ???,????,7903425907,2988
27,??? ???? CDA-??? ??? / ?????? BM,????,???? ???,????,7710331305,2981
28,????? ????????/ ?????? CDA BM,????,???? ???,????,7700858844,2987
29,????? ??? ????? / ???? ??????? CDA BM,????,???? ???,????,7711370427,2985
30,????? ?????? / ?????? BM,????,???? ???,????,7713040936,3012
31,????? ????/???? BM,????,???? ??? ??????,????,7755562728,2830
32,???? ?????? ????????/ ???? CDA BM,????,???? ??? ??????,????,7750342426,3025
33,????? ??? ???? cda BM,????,???? ??? ??????,????,7700852978,2827
34,????? ??? / ???? BM,????,???? ??? ??????,????,7756443309,2839
35,??? ????? / ???????/ ???????? CDA BM,????,???? ??? ??????,????,7715873879,2833
36,????? ???? ??????? / ???????? CDA BM,????,???? ??? ??????,????,7727772392,2847
37,????? ???/ ?????? CDA BM,????,???? ??? ??????,????,7722052223,2852
38,????? ?????? / ???? CDA BM,????,???? ??? ??????,????,7716249683,2855
39,??? ????? / ???? BM,????,???? ??? ??????,????,7902687299,2801
40,????? ?? ?????? /???????? BM,????,???? ??? ??????,????,7702979130,2848
41,????? ???????/ ???? BM,????,???? ??? ??????,????,7727367472,3026
42,????? ?????/???? BM,????,???? ??? ??????,????,7901287505,2821
43,????? ???? ??????? / ???? BM,????,???? ??? ??????,????,7901360074,2807
44,???? / ???? cda BM,????,???? ??? ??????,????,7709404144,2812
45,????? ?????? BM,????,???? ??? ??????,????,7729039311,3028
1,????? ???? / ?????? cda * BM,??????,??????? ????,??? ????,7726002046,2913
2,??????? ?????? ???????/ ?????? ??????? * BM,??????,??????? ????,??? ????,7734805397,3511
3,????? ???? /???? 3 *BM,??????,??????? ????,??? ????,7901858072,2901
4,????? ??????? - ????? ??????? ????/ ??????3 * BM,??????,??????? ????,??? ????,7707226867,2894
5,????? ???? ???????/?????? ??????? CDA- BM,??????,??????? ????,??? ????,7721199889,2958
7,????? ??? ??????? / ?????? 3 * BM,??????,??????? ????,??? ????,7728162379,2909
8,????? ???/?????? ??????? * BM,??????,??????? ????,??? ????,7763302662,2905
9,????? ???/?????? ??????? * BM,??????,??????? ????,??? ????,7763302662,2905
10,????? ?????/ ??? ?????? * BM,??????,??????? ????,??? ????,7746135788,2768
11,????? ????? / ?????? ??????? CDA * BM,??????,??????? ????,??? ????,7713065644,2893
12,????? ???? - ???? ???? ??? ??? - ?????? BM,??????,??????? ????,??? ????,7740635624,2979
13,????? ???? ?????? /???? CDA * BM,??????,??????? ????,??? ????,7726139450,2966
15,????? ??????? - ??????? * BM,??????,??????? ????,??? ????,7901539312,2961
16,???? ???/ ?????? ??????? * BM,??????,??????? ????,??? ????,7804040832,2970
17,????? ??? ???????/???? ??????? BM,??????,??????? ????,??? ????,7737358482,2977
19,????? ???????? /?????? 2 * cda BM,??????,??????? ????,??? ????,7770894330,2972
20,????? ???? ??????? /??????2 * CDA BM,??????,??????? ????,??? ????,7724579815,2889
21,??? ????? / ?????? CDA * BM,??????,??????? ????,??? ????,7702831039,2890
22,????? ????? /????2 * BM,??????,??????? ????,??? ????,7731069487,2974
23,????? ???? ?????? / ???? ???????* BM,??????,??????? ????,??? ????,7704207257,2976
24,???? / ? ????? * BM,??????,??????? ????,??? ????,7819047020,2945
25,??????? / ? ????? BM,??????,??????? ????,??? ????,7723979763,2918
26,????? ???? ????????/??????? BM,??????,??????? ????,??? ????,7711345040,2948
27,????? ????? 2/ ?????? BM,??????,??????? ????,??? ????,7716972280,2920
28,????? ????? /????? BM,??????,??????? ????,??? ????,7904201025,2951
29,????? ????? 2 / ????? ?????? CDA * BM,??????,??????? ????,??? ????,7718223010,2930
30,????? ?????? /????? ?????? * BM,??????,??????? ????,??? ????,7806791950,2963
31,????? ??????? - ????? ??????* BM,??????,??????? ????,??? ????,7704201604,2960
32,????? ?????? - ???? /??? ?????? BM,??????,??????? ????,??? ????,7770410517,2931
33,????? ??????? / ??????? CDA* BM,??????,??????? ????,??? ????,7706621344,2952
34,????? ?????? ??????/ ??? ?????? BM,??????,??????? ????,??? ????,7721772357,2826
35,????? ??? ??????? / ??????3 * CDA BM,??????,??????? ????,??? ????,7710358446,3516
36,??? ??????? CDA/ ???? ?????? # BM,??????,??????? ????,??? ????,7707017845,2788
37,???? ?????/ ??? ?????? BM,??????,??????? ????,??? ????,7725925356,2785
38,????? ?? ?????? /???? 1 CDA BM,??????,??????? ????,??? ????,7801533464,2782
39,????? ????? / ??????1 BM,??????,??????? ????,??? ????,7718988760,2773
40,??? ????/ ???? ??? ????????* CDA BM,??????,??????? ????,??? ????,7700494668,2816
41,????? ???? / ?????? ??????? * CDA BM,??????,??????? ????,??? ????,7708173811,3519
42,?????? ?????? ????????/???? ??? ????????* BM,??????,??????? ????,??? ????,7709604405,2813
43,????? ??? ???? /?????? CDA BM,??????,??????? ????,??? ????,7713265048,2944
44,????? ?????2 / ???? ??? ???????? * BM,??????,??????? ????,??? ????,7712316736,2947
45,????? ????? - ??? ???? ???? - ?????? BM,??????,??????? ????,??? ????,7721100840,2950
46,????? ?????/??? ?????? *BM,??????,??????? ????,??? ????,7706884766,2822
47,????? ????/??? ?????? * BM,??????,??????? ????,??? ????,7735975198,2794
48,????? ???????? / ?? ?????? cda* BM,??????,??????? ????,??? ????,7744552888,2968
49,????? ?????? 2/ ?? ?????? * BM,??????,??????? ????,??? ????,7718622745,2809
50,????? ???? / ?? ?????? * BM,??????,??????? ????,??? ????,7779481020,2925
51,????? ??????? - ???? ???? ????/?? ?????? cda* MB,??????,??????? ????,??? ????,7740777805,2923
52,????? ??? ????? ??????? / ?? ?????? *#BM,??????,??????? ????,??? ????,7727481091,2967
53,????? ?????? 2 ?????? ??????? CDA/ ?????? ????? BM,??????,??????? ????,??? ????,7724579817,2805
54,????? ?????? / ?? ?????? # BM,??????,??????? ????,??? ????,7763754137,2811
55,????? ?????? / ???? ?????? # BM,??????,??????? ????,??? ????,7733222374,2971
56,????? ???????? /?? ?????? CDA # BM,??????,??????? ????,??? ????,7780247604,2942
57,????? ?????? / ???? ?????? *BM,??????,??????? ????,??? ????,7704646049,2789
58,????? ??? ???? / ???? ??????# BM,??????,??????? ????,??? ????,7736655402,2808
1,????? ??? CDA/ ????????? BM,??????,???? ??? ??????,????,7701708021,2902
2,??????? ??? CDA / ?????? BM,??????,???? ??? ??????,????,7714596248,2911
3,????? ???? CDA/ ????????/?????? BM,??????,???? ??? ??????,????,7712122049,2897
4,????? ?????/ ????????? BM,??????,???? ??? ??????,????,7712342622,2907
5,????? ?????? / ?????? BM,??????,???? ??? ??????,????,7700612258,2900
6,????? ?? ?????? CDA/ ??????? ?????? BM,??????,???? ??? ??????,????,7746531836,2895
7,????? ??? / ?? ????? CDA BM,??????,???? ??? ??????,????,7827103138,2927
8,????? ??? ??? /?????? BM,??????,???? ??? ??????,????,7818993267,2853
9,????? ??????? / ???????? CDA/???????? BM,??????,???? ??? ??????,????,7776615435,2787
10,????? ???? ???????/?? ????? BM,??????,???? ??? ??????,????,7882872648,2932
11,????? ?????/?? ????? BM,??????,???? ??? ??????,????,7851008513,2921
12,????? ??????? / ?? ????? BM,??????,???? ??? ??????,????,7803832614,2929
13,????? ????? - ??? ???? / ?? ????? BM,??????,???? ??? ??????,????,7883571676,2919
14,????? ??? /???????? BM,??????,???? ??? ??????,????,7710213603,2860
15,????? ????????/????????/?????? ??????? CDA BM,??????,???? ??? ??????,????,7735257148,2856
16,????? ????? ?? ?????? ????? ??????/????? ??????? cda BM,??????,???? ??? ??????,????,7704334033,2840
17,????? ??????? / ?????? CDA BM,??????,???? ??? ??????,????,7761600190,2912
18,????? ?????? / ?????? cda BM,??????,???? ??? ??????,????,7707226826,2832
19,????? ???????? / ?????? CDA BM,??????,???? ??? ??????,????,7902230398,2858
20,????? ???? ?????/????? ??????? CDA BM,??????,???? ??? ??????,????,7723292372,2835
21,????? ?????? / ?????? BM,??????,???? ??? ??????,????,7700487192,2831
22,????? ????? / ????????/???????? CDA,??????,???? ??? ??????,????,7783307248,2844
23,????? ????/ ?????? BM,??????,???? ??? ??????,????,7728502154,2838
24,????? ??????? / ??????,??????,???? ??? ??????,????,7716591518,2914
25,????? ???? /?????? BM,??????,???? ??? ??????,????,7811256076,2796
26,???? ?????? ??????? / ?? ????? BM,??????,???? ??? ??????,????,7893806982,2781
27,????? ????? ??? ???? / ???????? BM,??????,???? ??? ??????,????,7718855911,2769
28,????? ????? / ?? ????? CDA BM,??????,???? ??? ??????,????,7814055135,2850
29,????? ???? / ????? BM,??????,???? ??? ??????,????,7906339170,2770
30,????? ??????? /?????? BM,??????,???? ??? ??????,????,7803562104,2934
31,???? ????? ?????/ ???????? BM,??????,???? ??? ??????,????,7812302003,2792
32,????? ?????? /?? ????? BM,??????,???? ??? ??????,????,7718898655,2774
34,????? ????? - ??? / ????? CDA BM,?????,??????? ????,????,7717773019,2975
35,????? ???? /??????? CDA BM,?????,??????? ????,????,7881610437,2959
36,????? ??? ???? /??????? BM,?????,??????? ????,????,7902242781,2969
37,??????? ??? ???? ?????? / ??????? BM,?????,??????? ????,????,7901407490,2964
38,????? ?????? /????? BM,?????,??????? ????,????,7702913353,2956
39,????? ???? /??????? BM,?????,??????? ????,????,7703708052,2953
40,????? ?????? /???????BM,?????,??????? ????,????,7715583231,2949
23,????? ????? / ???????? BM,????????,???? ???,???? ??? ,7817474994,3043
